hCoV-19/England/20134024504/2020|EPI_ISL_423128|2020-03-23	excluded because it has an additional 't' around position 22K of the global alignment which which probably shouldn't be there
hCoV-19/Australia/VIC555/2020|EPI_ISL_426816|2020-03-25	excluded because there's an entire missing codon around position 200 of the alignment. MAFFT fails to align the resulting sequence correctly (it could be corrected by hand, however), leading to a silly alignment with an apparently large number of substitutions
hCoV-19/Wales/PHWC-26E28/2020|EPI_ISL_422159|2020-03-29	excluded because the sequence has a bunch of garbage (maybe it's alignable if you try, but MAFFT can't find a good alignment) and a large deletion around 27K of the global alignment
hCoV-19/USA/WI-GMF-00227/2020|EPI_ISL_418186|2020-03-23	excluded because it has this sequence near the start of the first ORF, the latter part of which is clearly wrong when you look at the alignment CNNNNNNNNNNNNNNNGCGGTGATCA
hCoV-19/USA/UN-UW-1402/2020|EPI_ISL_424181|2020-03-16	excluded because it has this sequence near the strat of the fist ORF, the latter part of which is clearly wrong wehn you look at the alignment CNNNNNNNTCTACAGCCACAAG
hCoV-19/Shandong/LY001/2020|EPI_ISL_414934|2020-01-21	excluded because it has >>20 singletons which seem likely to indicate low quality
hCoV-19/Spain/Valencia9/2020|EPI_ISL_417205|2020-03-02	excluded because it has this in the alignment, which is obviously wrong in context NNAGANCAGCNTATNTGTACTCAANAACTGCCACTA
hCoV-19/pangolin/Guangdong/1/2019|EPI_ISL_410721|2019	excluded because non-human
hCoV-19/pangolin/Guangdong/P2S/2019|EPI_ISL_410544|2019	excluded because non-human
hCoV-19/pangolin/Guangxi/P3B/2017|EPI_ISL_410543|2017	excluded because non-human
hCoV-19/bat/Yunnan/RaTG13/2013|EPI_ISL_402131|2013-07-24	excluded because non-human
hCoV-19/Senegal/610/2020|EPI_ISL_420075|2020-03-20	excluded because it has a few stretches (one at the end, one near the start) with incorrect basecalls in a string e.g. NNNGCAGAGCAGTGCTCT
hCoV-19/England/20140063904/2020|EPI_ISL_423392|2020-03-29	excluded because it has an odd artefact where there is frequently an incorrect? singleton basecall at the end of a row of N's, e.g. the final G here CAAACAGGTTCATCTAAGTGTGTGTGTGNNN
hCoV-19/bat/Yunnan/RmYN02/2019|EPI_ISL_412977|2019-06-25	non-human
hCoV-19/pangolin/Guangxi/P4L/2017|EPI_ISL_410538|2017	non-human
hCoV-19/pangolin/Guangxi/P1E/2017|EPI_ISL_410539|2017	non-human
hCoV-19/pangolin/Guangxi/P5E/2017|EPI_ISL_410541|2017	non-human
hCoV-19/pangolin/Guangxi/P2V/2017|EPI_ISL_410542|2017	non-human
hCoV-19/pangolin/Guangxi/P5L/2017|EPI_ISL_410540|2017	non-human
hCoV-19/Turkey/VETAL- AHM1/2020|EPI_ISL_435057|2020-04-09	appears on a crazy long branch in trees, likely to be a lot of sequencing error
hCoV-19/Turkey/6224-Ankara1034/2020|EPI_ISL_417413|2020-03-17	appears on a crazy long branch in trees, likely to be a lot of sequencing error
hCoV-19/South Africa/R02606/2020|EPI_ISL_435058|2020-03-11	appears on a crazy long branch in trees, likely to be a lot of sequencing error
hCoV-19/Shenzhen/SZTH-001/2020|EPI_ISL_406592|2020-01-13	appears on a crazy long branch in trees, likely to be a lot of sequencing error
hCoV-19/Italy/UniMI02/2020|EPI_ISL_417446|2020-02-24	appears on a crazy long branch in trees, likely to be a lot of sequencing error
hCoV-19/Canada/QGLO-021/2020|EPI_ISL_459878|2020-03-27	appears on extremely long branch in visual analysis of tree from 6-6-20
hCoV-19/Lebanon/S3_760/2020|EPI_ISL_450510|2020-03-04	on long branch identified by treeshrink q=0.05
hCoV-19/Malaysia/186197/2020|EPI_ISL_417919|2020-03-14	on long branch identified by treeshrink q=0.05
hCoV-19/India/S1/2020|EPI_ISL_437536|2020-03-19	on long branch identified by treeshrink q=0.05
hCoV-19/Lebanon/S6_766/2020|EPI_ISL_450513|2020-03-09	on long branch identified by treeshrink q=0.05
hCoV-19/Colombia/GVI-93536/2020|EPI_ISL_447788|2020-04-03	on long branch identified by treeshrink q=0.05
hCoV-19/Bangladesh/NIB_01/2020|EPI_ISL_447904|2020-05-11	on long branch identified by treeshrink q=0.05
hCoV-19/Wuhan/WH02/2019|EPI_ISL_406799|2019-12-31	on long branch identified by treeshrink q=0.05
hCoV-19/Australia/VIC909/2020|EPI_ISL_426880|2020-03-23	on long branch identified by treeshrink q=0.05
hCoV-19/USA/OH-OSUP0019/2020|EPI_ISL_427291|2020-03-31	on long branch identified by treeshrink q=0.05
hCoV-19/Bangladesh/DNAS_CPH_467/2020|EPI_ISL_445213|2020-04-28	on long branch identified by treeshrink q=0.05
hCoV-19/Ecuador/HGSQ-USFQ-007/2020|EPI_ISL_422564|2020-03-30	on long branch identified by treeshrink q=0.05
hCoV-19/Ecuador/HGSQ-USFQ-010/2020|EPI_ISL_422565|2020-03-30	on long branch identified by treeshrink q=0.05
hCoV-19/Bangladesh/DNAS_CPH_436/2020|EPI_ISL_445217|2020-04-28	on long branch identified by treeshrink q=0.05
hCoV-19/Bangladesh/DU_50761/2020|EPI_ISL_450842|2020-05-06	on long branch identified by treeshrink q=0.05
hCoV-19/Malaysia/190300/2020|EPI_ISL_417920|2020-03-22	on long branch identified by treeshrink q=0.05
hCoV-19/USA/WA-UW65/2020|EPI_ISL_415593|2020-03-10	on long branch identified by treeshrink q=0.05
hCoV-19/USA/WA-UW-4130/2020|EPI_ISL_427244|2020-03-31	on long branch identified by treeshrink q=0.05
hCoV-19/Shandong/LY002/2020|EPI_ISL_414935|2020-01-21	on long branch identified by treeshrink q=0.05
hCoV-19/Wuhan/HBCDC-HB-04/2019|EPI_ISL_412900|2019-12-30	on long branch identified by treeshrink q=0.05
hCoV-19/Shanghai/IVDC-SH-001/2020|EPI_ISL_408483|2020-01-20	on long branch identified by treeshrink q=0.05
hCoV-19/Denmark/ALAB-SSI458/2020|EPI_ISL_429541|2020-03-25	on long branch identified by treeshrink q=0.05
hCoV-19/Denmark/ALAB-SSI-631/2020|EPI_ISL_437008|2020-03-25	on long branch identified by treeshrink q=0.05
hCoV-19/Denmark/ALAB-HH36/2020|EPI_ISL_429292|2020-03-12	on long branch identified by treeshrink q=0.05
hCoV-19/Taiwan/TSGH-32/2020|EPI_ISL_447591|2020-03-20	on long branch identified by treeshrink q=0.05
hCoV-19/USA/FL-BPHL-057/2020|EPI_ISL_436561|2020-04-21	on long branch identified by treeshrink q=0.05
hCoV-19/LebanonS11_765/2020|EPI_ISL_450517|2020-03-09	on long branch identified by treeshrink q=0.05
hCoV-19/USA/WA-UW53/2020|EPI_ISL_415618|2020-03-09	on long branch identified by treeshrink q=0.05
hCoV-19/USA/UN-UW-1486/2020|EPI_ISL_424185|2020-03-18	on long branch identified by treeshrink q=0.05
hCoV-19/USA/FL-BPHL-044/2020|EPI_ISL_436548|2020-04-17	on long branch identified by treeshrink q=0.05
hCoV-19/USA/WA-UW-4118/2020|EPI_ISL_427243|2020-03-31	on long branch identified by treeshrink q=0.05
hCoV-19/USA/WA-UW306/2020|EPI_ISL_418874|2020-03-16	on long branch identified by treeshrink q=0.05
hCoV-19/Henan/IVDC-HeN-002/2020|EPI_ISL_408487|2020-01-20	on long branch identified by treeshrink q=0.05
hCoV-19/India/NCDC-3985/2020|EPI_ISL_436446|2020-04-09	on long branch identified by treeshrink q=0.05
hCoV-19/Australia/VIC446/2020|EPI_ISL_426742|2020-03-27	on long branch identified by treeshrink q=0.05
hCoV-19/USA/WA-S318/2020|EPI_ISL_434078|2020-03-31	on long branch identified by treeshrink q=0.05
hCoV-19/USA/WA-UW-1572/2020|EPI_ISL_424171|2020-03-19	on long branch identified by treeshrink q=0.05
hCoV-19/USA/ID-UW-4462/2020|EPI_ISL_427171|2020-03-29	on long branch identified by treeshrink q=0.05
hCoV-19/Mexico/CDMX-INER_03/2020|EPI_ISL_424625|2020-03-13	on long branch identified by treeshrink q=0.05
hCoV-19/Scotland/EDB146/2020|EPI_ISL_425915|2020-03-23	on long branch identified by treeshrink q=0.05
hCoV-19/USA/WA-UW-2105/2020|EPI_ISL_426088|2020-03-25	on long branch identified by treeshrink q=0.05
hCoV-19/USA/ID-UW-4100/2020|EPI_ISL_427168|2020-03-29  	on long branch identified by treeshrink q=0.05
hCoV-19/Taiwan/TSGH-28/2020|EPI_ISL_447254|2020-03-16	on long branch identified by treeshrink q=0.05
hCoV-19/India/NIV-5815-1/2020|EPI_ISL_454539|2020-04-12	on long branch identified by treeshrink q=0.05
hCoV-19/India/NIV-11699/2020|EPI_ISL_454523|2020-04-19	on long branch identified by treeshrink q=0.05
hCoV-19/India/NIV-967/2020|EPI_ISL_454559|2020-03-09	on long branch identified by treeshrink q=0.05
hCoV-19/USA/MDH-8144/2020|EPI_ISL_454431|2020-03-13	on long branch identified by treeshrink q=0.05
hCoV-19/Croatia/361_Pula/2020|EPI_ISL_454595|2020-03-09	on long branch identified by treeshrink q=0.05
hCoV-19/India/NIV-9127/2020|EPI_ISL_454556|2020-04-12	on long branch identified by treeshrink q=0.05
hCoV-19/Lebanon/S11_765/2020|EPI_ISL_450517|2020-03-09	on long branch identified by treeshrink q=0.05
hCoV-19/USA/LA-EVTL155/2020|EPI_ISL_455998|2020-04-01	on long branch identified by treeshrink q=0.05
hCoV-19/USA/MDH-8137/2020|EPI_ISL_454430|2020-03-13	on long branch identified by treeshrink q=0.05
hCoV-19/India/NIV-11182/2020|EPI_ISL_454521|2020-04-18	on long branch identified by treeshrink q=0.05
hCoV-19/USA/TX-HMH0427/2020|EPI_ISL_435010|2020-04-02	on long branch identified by treeshrink q=0.05
hCoV-19/USA/TX-HMH0383/2020|EPI_ISL_434971|2020-03-31	on long branch identified by treeshrink q=0.05
hCoV-19/Australia/NT18/2020|EPI_ISL_426635|2020-03-23	on long branch identified by treeshrink q=0.05
hCoV-19/Taiwan/TSGH-30/2020|EPI_ISL_447256|2020-03-20	on long branch identified by treeshrink q=0.05
hCoV-19/India/NIV-815_3/2020|EPI_ISL_454562|2020-04-07	on long branch identified by treeshrink q=0.05
hCoV-19/Romania/284468/2020|EPI_ISL_455479|2020-05-14	on long branch identified by treeshrink q=0.05
hCoV-19/Scotland/EDB3974/2020|EPI_ISL_449266|2020-05-03	on long branch identified by treeshrink q=0.05
hCoV-19/USA/WA-UW-2180/2020|EPI_ISL_426106|2020-03-24	on long branch identified by treeshrink q=0.05
hCoV-19/USA/WA-UW-4749/2020|EPI_ISL_429620|2020-03-28	on long branch identified by treeshrink q=0.05
hCoV-19/Scotland/EDB3961/2020|EPI_ISL_449261|2020-05-03	on long branch identified by treeshrink q=0.05
hCoV-19/Croatia/14412_Koprivnica/2020|EPI_ISL_454602|2020-04-21	on long branch identified by treeshrink q=0.05
hCoV-19/Lebanon/S10_768/2020|EPI_ISL_450516|2020-03-15	on long branch identified by treeshrink q=0.05
hCoV-19/Australia/VIC518/2020|EPI_ISL_426788|2020-03-23	on long branch identified by treeshrink q=0.05
hCoV-19/USA/WA-UW-4568/2020|EPI_ISL_429604|2020-03-29	on long branch identified by treeshrink q=0.05
hCoV-19/India/GBRC24b/2020|EPI_ISL_437454|2020-04-26	on long branch identified by treeshrink q=0.05
hCoV-19/USA/IL-NM070/2020|EPI_ISL_444565|2020-03-18	on long branch identified by treeshrink q=0.05
hCoV-19/USA/IL-NM0105/2020|EPI_ISL_444590|2020-03-20	on long branch identified by treeshrink q=0.05
hCoV-19/USA/TX-HMH0379/2020|EPI_ISL_434967|2020-03-30	on long branch identified by treeshrink q=0.05
hCoV-19/USA/TX-HMH0391/2020|EPI_ISL_434978|2020-03-27	on long branch identified by treeshrink q=0.05
hCoV-19/USA/TX-HMH0399/2020|EPI_ISL_434986|2020-03-31	on long branch identified by treeshrink q=0.05
hCoV-19/USA/TX-HMH0428/2020|EPI_ISL_435011|2020-04-02	on long branch identified by treeshrink q=0.05
hCoV-19/Uganda/UG009/2020|EPI_ISL_451191|2020-03-30	on long branch identified by treeshrink q=0.05
hCoV-19/England/CAMB-1B0BA3/2020|EPI_ISL_452948|2020-05-11	on long branch identified by treeshrink q=0.05
hCoV-19/Poland/Pom2/2020|EPI_ISL_450746|2020-05-08	on long branch identified by treeshrink q=0.05
hCoV-19/Lebanon/S7_763/2020|EPI_ISL_454420|2020-02-21	on long branch identified by treeshrink q=0.05
hCoV-19/Luxembourg/LNS2156711/2020|EPI_ISL_445074|2020-04-21	on long branch identified by treeshrink q=0.05
hCoV-19/Spain/Andalucia201636/2020|EPI_ISL_455323|2020-03-06	on long branch identified by treeshrink q=0.05
hCoV-19/Hong_Kong/HKPU70-1302/2020|EPI_ISL_419243|2020-02-22	on long branch identified by treeshrink q=0.05
hCoV-19/Uganda/UG014/2020|EPI_ISL_451196|2020-03-25	on long branch identified by treeshrink q=0.05
hCoV-19/England/NOTT-111047/2020|EPI_ISL_453619|2020-05-05	on long branch identified by treeshrink q=0.05
hCoV-19/India/NIV-9314/2020|EPI_ISL_454558|2020-04-13	on long branch identified by treeshrink q=0.05
hCoV-19/England/CAMB-1B0CCE/2020|EPI_ISL_452961|2020-05-11	on long branch identified by treeshrink q=0.05
hCoV-19/England/CAMB-83797/2020|EPI_ISL_443446|2020-04-15	on long branch identified by treeshrink q=0.05
hCoV-19/England/CAMB-1AD189/2020|EPI_ISL_447973|2020-04-29	on long branch identified by treeshrink q=0.05
hCoV-19/Poland/Pom13/2020|EPI_ISL_451654|2020-05-04	on long branch identified by treeshrink q=0.05
hCoV-19/Wales/PHWC-2B1C0/2020|EPI_ISL_432378|2020-04-08	on long branch identified by treeshrink q=0.05
hCoV-19/Wales/PHWC-2A422/2020|EPI_ISL_445567|2020-04-06	on long branch identified by treeshrink q=0.05
hCoV-19/USA/NC_200459/2020|EPI_ISL_458001|2020-04	on long branch identified by treeshrink q=0.05
hCoV-19/USA/WA-UW119/2020|EPI_ISL_416657|2020-03-11	on long branch identified by treeshrink q=0.05
hCoV-19/Australia/VIC370/2020|EPI_ISL_426678|2020-03-22	on long branch identified by treeshrink q=0.05
hCoV-19/Turkey/VETAL1902_1/2020|EPI_ISL_435057|2020-04-09	on long branch identified by treeshrink q=0.05
hCoV-19/Senegal/640/2020|EPI_ISL_420079|2020-03-20	on long branch identified by treeshrink q=0.05
hCoV-19/Spain/Canarias201811/2020|EPI_ISL_455325|2020-03-05	on long branch identified by treeshrink q=0.05
hCoV-19/USA/WA-UW-1588/2020|EPI_ISL_423012|2020-03-19	on long branch identified by treeshrink q=0.05
hCoV-19/England/NORT-292317/2020|EPI_ISL_457320|2020-05-09	on long branch identified by treeshrink q=0.05
hCoV-19/Canada/QGLO-021/2020|EPI_ISL_459878|2020-03-27	on long branch identified by treeshrink q=0.05
hCoV-19/USA/WA-UW283/2020|EPI_ISL_418068|2020-03-14	on long branch identified by treeshrink q=0.05
hCoV-19/Costa_Rica/CV-0007/2020|EPI_ISL_458236|2020-03-06	on long branch identified by treeshrink q=0.05
hCoV-19/USA/WA-UW-2213/2020|EPI_ISL_426114|2020-03-25	on long branch identified by treeshrink q=0.05
hCoV-19/India/NIV-729_3/2020|EPI_ISL_454561|2020-04-07	on long branch identified by treeshrink q=0.05
hCoV-19/India/CCMB_K500/2020|EPI_ISL_447866|2020-04-14	on long branch identified by treeshrink q=0.05
hCoV-19/Philippines/PGC05/2020|EPI_ISL_434557|2020-03-27	on long branch identified by treeshrink q=0.05
hCoV-19/India/CCMB_L1082/2020|EPI_ISL_458055|2020-05-13	on long branch identified by treeshrink q=0.05
hCoV-19/Philippines/PGC01/2020|EPI_ISL_431833|2020-03-22	on long branch identified by treeshrink q=0.05
hCoV-19/India/nimh-1598/2020|EPI_ISL_436157|2020-04-17	on long branch identified by treeshrink q=0.05
hCoV-19/Philippines/PGC04/2020|EPI_ISL_434556|2020-03-26	on long branch identified by treeshrink q=0.05
hCoV-19/India/GBRC98/2020|EPI_ISL_450787|2020-05-11	on long branch identified by treeshrink q=0.05
hCoV-19/India/GBRC10/2020|EPI_ISL_437438|2020-04-24	on long branch identified by treeshrink q=0.05
hCoV-19/India/NIV-QC-798/2020|EPI_ISL_454568|2020-04-25	on long branch identified by treeshrink q=0.05
hCoV-19/India/CCMB_J232/2020|EPI_ISL_447576|2020-04-02	on long branch identified by treeshrink q=0.05
hCoV-19/India/CCMB_K499/2020|EPI_ISL_447865|2020-04-14	on long branch identified by treeshrink q=0.05
hCoV-19/India/CCMB_L044/2020|EPI_ISL_447864|2020-04-16	on long branch identified by treeshrink q=0.05
hCoV-19/Philippines/PGC02/2020|EPI_ISL_434554|2020-03-26	on long branch identified by treeshrink q=0.05
hCoV-19/Singapore/80/2020|EPI_ISL_435685|2020-04-11	on long branch identified by treeshrink q=0.05
hCoV-19/India/nimh-1596/2020|EPI_ISL_436156|2020-04-17	on long branch identified by treeshrink q=0.05
hCoV-19/India/nimh-0318/2020|EPI_ISL_428483|2020-04-10	on long branch identified by treeshrink q=0.05
hCoV-19/India/nimh-1071/2020|EPI_ISL_428487|2020-04-14	on long branch identified by treeshrink q=0.05
hCoV-19/India/NCDC-3934/2020|EPI_ISL_436439|2020-04-09	on long branch identified by treeshrink q=0.05
hCoV-19/Australia/VIC913/2020|EPI_ISL_426882|2020-03-24	on long branch identified by treeshrink q=0.05
hCoV-19/India/nimh-0996/2020|EPI_ISL_428486|2020-04-14	on long branch identified by treeshrink q=0.05
hCoV-19/India/CCMB_K771/2020|EPI_ISL_447859|2020-04-15	on long branch identified by treeshrink q=0.05
hCoV-19/Singapore/79/2020|EPI_ISL_435684|2020-04-11	on long branch identified by treeshrink q=0.05
hCoV-19/India/NCDC-4155/2020|EPI_ISL_436449|2020-04-12	on long branch identified by treeshrink q=0.05
hCoV-19/India/NCDC-3175/2020|EPI_ISL_436426|2020-04-05	on long branch identified by treeshrink q=0.05
hCoV-19/India/CCMB_L1089/2020|EPI_ISL_458057|2020-05-13	on long branch identified by treeshrink q=0.05
hCoV-19/England/SHEF-C7AE9/2020|EPI_ISL_457621|2020-05-04	on long branch identified by treeshrink q=0.05
hCoV-19/England/SHEF-C1F86/2020|EPI_ISL_457589|2020-04-26	on long branch identified by treeshrink q=0.05
hCoV-19/England/NORW-E9850/2020|EPI_ISL_461833|2020-04-29	on long branch identified by treeshrink q=0.05
hCoV-19/Scotland/EDB5167/2020|EPI_ISL_456983|2020-05-18	on long branch identified by treeshrink q=0.05
hCoV-19/England/CAMB-1B3B28/2020|EPI_ISL_461578|2020-05-28	on long branch identified by treeshrink q=0.05
hCoV-19/USA/MN-MDH-470/2020|EPI_ISL_437374|2020-04-10	on long branch identified by treeshrink q=0.05
hCoV-19/USA/TX-HMH068/2020|EPI_ISL_434777|2020-03-18	on long branch identified by treeshrink q=0.05
hCoV-19/USA/WA-UW-1342/2020|EPI_ISL_424178|2020-03-17	on long branch identified by treeshrink q=0.05
hCoV-19/England/SHEF-C590C/2020|EPI_ISL_462020|2020-05-15	on long branch identified by treeshrink q=0.05
hCoV-19/India/CCMB_L1017/2020|EPI_ISL_458045|2020-05-11	on long branch identified by treeshrink q=0.05
hCoV-19/New_Zealand/20VR0276/2020|EPI_ISL_416539|2020-03-15	on long branch identified by treeshrink q=0.05
hCoV-19/USA/WA-UW-3841/2020|EPI_ISL_427190|2020-03-26	on long branch identified by treeshrink q=0.05
hCoV-19/USA/FL-BPHL-0115/2020|EPI_ISL_450849|2020-04-09	on long branch identified by treeshrink q=0.05
hCoV-19/USA/TX-HMH0184/2020|EPI_ISL_434862|2020-03-23	on long branch identified by treeshrink q=0.05
hCoV-19/USA/TX-HMH0127/2020|EPI_ISL_434827|2020-03-20	on long branch identified by treeshrink q=0.05
hCoV-19/USA/TX-HMH0375/2020|EPI_ISL_434964|2020-03-31	on long branch identified by treeshrink q=0.05
hCoV-19/USA/TX-HMH0370/2020|EPI_ISL_434961|2020-03-27	on long branch identified by treeshrink q=0.05
hCoV-19/USA/TX-HMH0156/2020|EPI_ISL_434855|2020-03-23	on long branch identified by treeshrink q=0.05
hCoV-19/USA/TX-HMH0197/2020|EPI_ISL_434872|2020-03-23	on long branch identified by treeshrink q=0.05
hCoV-19/USA/TX-HMH0135/2020|EPI_ISL_434835|2020-03-21	on long branch identified by treeshrink q=0.05
hCoV-19/India/NCDC-3279/2020|EPI_ISL_436434|2020-04-05	on long branch identified by treeshrink q=0.05
hCoV-19/USA/TX-HMH0234/2020|EPI_ISL_434891|2020-03-24	on long branch identified by treeshrink q=0.05
hCoV-19/USA/TX-HMH0381/2020|EPI_ISL_434969|2020-03-30	on long branch identified by treeshrink q=0.05
hCoV-19/USA/TX-HMH0301/2020|EPI_ISL_434924|2020-03-28	on long branch identified by treeshrink q=0.05
hCoV-19/USA/TX-HMH0131/2020|EPI_ISL_434831|2020-03-21	on long branch identified by treeshrink q=0.05
hCoV-19/USA/TX-HMH0423/2020|EPI_ISL_435006|2020-04-01	on long branch identified by treeshrink q=0.05
hCoV-19/USA/MD-HP00120/2020|EPI_ISL_457813|2020-03-19	on long branch identified by treeshrink q=0.05
hCoV-19/Bosnia_and_Herzegovina/03_Tuzla/2020|EPI_ISL_463893|2020-05-25	on long branch identified by treeshrink q=0.05
hCoV-19/Canada/ON_MU-S401/2020|EPI_ISL_463985|2020-03-30	on long branch identified by treeshrink q=0.05
hCoV-19/Morocco/RA85/2020|EPI_ISL_467299|2020-05-21	on long branch identified by treeshrink q=0.05
hCoV-19/India/ILSCV16510/2020|EPI_ISL_463050|2020-05-12	on long branch identified by treeshrink q=0.05
hCoV-19/Spain/Andalucia202659/2020|EPI_ISL_462477|2020-03-13	on long branch identified by treeshrink q=0.05
hCoV-19/United_Arab_Emirates/P1/2020|EPI_ISL_463740|2020-03-30	on long branch identified by treeshrink q=0.05
hCoV-19/USA/WA-S1116/2020|EPI_ISL_463606|2020-05-04	on long branch by visual inspection of 14/6/20 tree
hCoV-19/USA/WA-S1047/2020|EPI_ISL_463537|2020-05-03	on long branch by visual inspection of 14/6/20 tree
hCoV-19/Canada/ON_MU-S53/2020|EPI_ISL_463990|2020-03-18	on long branch by visual inspection of 14/6/20 tree
hCoV-19/Chile/Santiago_53/2020|EPI_ISL_449800|2020-04-01	on long branch by visual inspection of 14/6/20 tree
hCoV-19/Bosnia_and_Herzegovina/02-Banja_Luka/2020|EPI_ISL_462990|2020-04-29	on long branch by visual inspection of 14/6/20 tree

